{
  "last": "Default",
  "backgroundType": "DEFAULT",
  "commonDirType": "DEFAULT",
  "commonpath": "",
  "hasProxy": false,
  "hasProxyAuth": false,
  "proxyType": "HTTP",
  "proxyPort": 0,
  "width": 834.0,
  "height": 514.0,
  "theme": "#27feee",
  "localization": "def",
  "downloadType": "bmclapi",
  "configurations": {
    "Default": {
      "global": {
        "usesGlobal": true,
        "javaArgs": "",
        "minecraftArgs": "",
        "maxMemory": 8192,
        "permSize": "",
        "width": 854,
        "height": 480,
        "javaDir": "",
        "precalledCommand": "",
        "serverIp": "",
        "java": "",
        "wrapper": "",
        "fullscreen": false,
        "noJVMArgs": false,
        "notCheckGame": false,
        "notCheckJVM": false,
        "showLogs": false,
        "gameDir": "",
        "launcherVisibility": 1,
        "gameDirType": 1,
        "defaultJavaPath": ""
      },
      "gameDir": ".minecraft",
      "useRelativePath": true
    }
  },
  "accounts": [],
  "fontFamily": "Consolas",
  "fontSize": 12.0,
  "logLines": 100,
  "authlibInjectorServers": [],
  "updateChannel": "DEVELOPMENT",
  "_version": 0,
  "uiVersion": 0,
  "preferredLoginType": "authlibInjector"
}